{
    "ch3_ch3_1.40": {
        "0.00000000": [
            0.0065898243110922294,
            -78.8972347246463
        ],
        "-0.05000000": [
            -0.08708001528015075,
            -78.62939167294019
        ],
        "0.05000000": [
            0.1002727187169441,
            -79.16253708952235
        ],
        "-0.00351758": [
            -3.905738203968667e-07,
            -78.87847321152006
        ],
        "-0.00351737": [
            2.19770868170599e-11,
            -78.8784743238192
        ],
        "-0.00351738": [
            -9.347246532342979e-09,
            -78.87847429714242
        ]
    },
    "ch3_ch3_1.50": {
        "0.00000000": [
            0.006886826197384011,
            -78.91132208268061
        ],
        "-0.05000000": [
            -0.09763210534771716,
            -78.61961429769593
        ],
        "0.05000000": [
            0.11063713761197391,
            -79.19821014712014
        ],
        "-0.00329454": [
            -0.000916692722995549,
            -78.88993713973107
        ],
        "-0.00290752": [
            -0.00011423507182684034,
            -78.89217009388321
        ],
        "-0.00285333": [
            -1.8628664619768642e-06,
            -78.89248277252659
        ],
        "-0.00285243": [
            -4.288907007321541e-09,
            -78.89248794404085
        ],
        "-0.00285242": [
            6.0786504718635115e-09,
            -78.89248797288869
        ]
    },
    "ch3_ch3_1.30": {
        "0.00000000": [
            0.2118126796025308,
            -79.12843329783949
        ],
        "-0.05000000": [
            0.007095103534474845,
            -78.60119966131583
        ],
        "0.05000000": [
            0.3867087562188658,
            -79.5944887125812
        ],
        "-0.07500000": [
            -0.1130697857649352,
            -78.30012448317079
        ],
        "0.07500000": [
            0.46619559506623176,
            -79.80849298851963
        ],
        "-0.04889753": [
            0.012072826264486025,
            -78.61370156748487
        ],
        "-0.05141570": [
            0.0006657287000635392,
            -78.58507634808917
        ],
        "-0.05156181": [
            -2.046656106813316e-07,
            -78.58340792498907
        ],
        "-0.05156176": [
            6.841105459898245e-11,
            -78.58340843788659
        ],
        "-0.05156177": [
            -2.271573151801931e-08,
            -78.58340838075962
        ]
    }
}