{
    "1.50": {
        "0.00000000": [
            1.298130541138704,
            -928.509515648972
        ],
        "-0.05000000": [
            -1.5183774511184822,
            -900.3864364687738
        ],
        "0.05000000": [
            2.072648049907599,
            -936.8895863803004
        ],
        "-0.02304504": [
            -0.9316441989650741,
            -906.662412465731
        ]
    }
}