{
    "1.30": {
        "energy": -918.0231015189675,
        "mu": 0.02578701909525085,
        "xyz_file": "relaxed_geoms/type_C/3-21g/sqd/11_opt_geometries/relaxed_geom_1.30_A.xyz"
    },
    "1.40": {
        "energy": -920.0245389116683,
        "mu": -0.0009919563845705382,
        "xyz_file": "relaxed_geoms/type_C/3-21g/sqd/11_opt_geometries/relaxed_geom_1.40_A.xyz"
    }
}
